n,sequential_search_itr,binary_search_rec
1,9.07e-08,5.41e-07
2,1.16e-07,6.50e-07
4,1.69e-07,7.90e-07
8,2.64e-07,7.18e-07
16,3.79e-07,8.16e-07
32,6.19e-07,9.98e-07
64,1.09e-06,1.10e-06
128,2.02e-06,1.29e-06
256,3.89e-06,1.58e-06
512,7.67e-06,1.75e-06
1024,1.52e-05,1.91e-06
2048,3.00e-05,2.04e-06
4096,5.96e-05,2.17e-06
8192,1.19e-04,2.31e-06
16384,2.39e-04,2.47e-06
32768,4.80e-04,2.63e-06
65536,9.68e-04,2.82e-06
131072,1.88e-03,2.87e-06
262144,3.85e-03,3.06e-06
524288,7.64e-03,3.37e-06
1048576,1.57e-02,3.43e-06
2097152,3.20e-02,3.55e-06
4194304,6.14e-02,3.71e-06
